categorie,naam,beschrijving,prijs_eur,opties_keuze,opties_saus,supplementen_extra
Friet,Mini,,2.8,Met Zout / met Satﾃｩkruiden / Geen zout of satﾃｩ kruiden,Geen saus / Amﾃｩricain +竄ｬ1.10 / Andalouse +竄ｬ1.10 / Barbecue +竄ｬ1.10 / Brazil +竄ｬ1.10 / Cocktail +竄ｬ1.10 / Curry +竄ｬ1.10 / Curryketchup +竄ｬ1.10 / Joppie +竄ｬ1.10 / Look +竄ｬ1.10 / Mammouth +竄ｬ1.10 / Mammouth hot +竄ｬ1.10 / Mayo +竄ｬ1.10 / Mosterd +竄ｬ1.10 / Peper +竄ｬ1.10 / Pili pili +竄ｬ1.10 / Samuray +竄ｬ1.10 / Saus dubbel +竄ｬ2.00 / Spﾃｩciaalsaus +竄ｬ2.00 / Tartaar +竄ｬ1.10 / Tomatenketchup +竄ｬ1.10 / Truffelmayo +竄ｬ1.10 / Zoete Mayo +竄ｬ1.10 / Zoetzuur pikant +竄ｬ1.10 | Warme saus: Stoofvlees +竄ｬ5.00 / Stoofvleessaus +竄ｬ3.00,
Friet,Klein,,3.2,Met Zout / met Satﾃｩkruiden / Geen zout of satﾃｩ kruiden,Geen saus / Amﾃｩricain +竄ｬ1.10 / Andalouse +竄ｬ1.10 / Barbecue +竄ｬ1.10 / Brazil +竄ｬ1.10 / Cocktail +竄ｬ1.10 / Curry +竄ｬ1.10 / Curryketchup +竄ｬ1.10 / Joppie +竄ｬ1.10 / Look +竄ｬ1.10 / Mammouth +竄ｬ1.10 / Mammouth hot +竄ｬ1.10 / Mayo +竄ｬ1.10 / Mosterd +竄ｬ1.10 / Peper +竄ｬ1.10 / Pili pili +竄ｬ1.10 / Samuray +竄ｬ1.10 / Saus dubbel +竄ｬ2.00 / Spﾃｩciaalsaus +竄ｬ2.00 / Tartaar +竄ｬ1.10 / Tomatenketchup +竄ｬ1.10 / Truffelmayo +竄ｬ1.10 / Zoete Mayo +竄ｬ1.10 / Zoetzuur pikant +竄ｬ1.10 | Warme saus: Stoofvlees +竄ｬ5.00 / Stoofvleessaus +竄ｬ3.00,
Friet,Middel,,3.6,Met Zout / met Satﾃｩkruiden / Geen zout of satﾃｩ kruiden,Geen saus / Amﾃｩricain +竄ｬ1.10 / Andalouse +竄ｬ1.10 / Barbecue +竄ｬ1.10 / Brazil +竄ｬ1.10 / Cocktail +竄ｬ1.10 / Curry +竄ｬ1.10 / Curryketchup +竄ｬ1.10 / Joppie +竄ｬ1.10 / Look +竄ｬ1.10 / Mammouth +竄ｬ1.10 / Mammouth hot +竄ｬ1.10 / Mayo +竄ｬ1.10 / Mosterd +竄ｬ1.10 / Peper +竄ｬ1.10 / Pili pili +竄ｬ1.10 / Samuray +竄ｬ1.10 / Saus dubbel +竄ｬ2.00 / Spﾃｩciaalsaus +竄ｬ2.00 / Tartaar +竄ｬ1.10 / Tomatenketchup +竄ｬ1.10 / Truffelmayo +竄ｬ1.10 / Zoete Mayo +竄ｬ1.10 / Zoetzuur pikant +竄ｬ1.10 | Warme saus: Stoofvlees +竄ｬ5.00 / Stoofvleessaus +竄ｬ3.00,
Friet,Groot,,4,Met Zout / met Satﾃｩkruiden / Geen zout of satﾃｩ kruiden,Geen saus / Amﾃｩricain +竄ｬ1.10 / Andalouse +竄ｬ1.10 / Barbecue +竄ｬ1.10 / Brazil +竄ｬ1.10 / Cocktail +竄ｬ1.10 / Curry +竄ｬ1.10 / Curryketchup +竄ｬ1.10 / Joppie +竄ｬ1.10 / Look +竄ｬ1.10 / Mammouth +竄ｬ1.10 / Mammouth hot +竄ｬ1.10 / Mayo +竄ｬ1.10 / Mosterd +竄ｬ1.10 / Peper +竄ｬ1.10 / Pili pili +竄ｬ1.10 / Samuray +竄ｬ1.10 / Saus dubbel +竄ｬ2.00 / Spﾃｩciaalsaus +竄ｬ2.00 / Tartaar +竄ｬ1.10 / Tomatenketchup +竄ｬ1.10 / Truffelmayo +竄ｬ1.10 / Zoete Mayo +竄ｬ1.10 / Zoetzuur pikant +竄ｬ1.10 | Warme saus: Stoofvlees +竄ｬ5.00 / Stoofvleessaus +竄ｬ3.00,
Friet,Friet Julien,"Friet, stoofvleessaus, viandel, mayo, bicky-ui",10,Met Zout / met Satﾃｩkruiden / Geen zout of satﾃｩ kruiden,Geen saus / Amﾃｩricain +竄ｬ1.10 / Andalouse +竄ｬ1.10 / Barbecue +竄ｬ1.10 / Brazil +竄ｬ1.10 / Cocktail +竄ｬ1.10 / Curry +竄ｬ1.10 / Curryketchup +竄ｬ1.10 / Joppie +竄ｬ1.10 / Look +竄ｬ1.10 / Mammouth +竄ｬ1.10 / Mammouth hot +竄ｬ1.10 / Mayo +竄ｬ1.10 / Mosterd +竄ｬ1.10 / Peper +竄ｬ1.10 / Pili pili +竄ｬ1.10 / Samuray +竄ｬ1.10 / Saus dubbel +竄ｬ2.00 / Spﾃｩciaalsaus +竄ｬ2.00 / Tartaar +竄ｬ1.10 / Tomatenketchup +竄ｬ1.10 / Truffelmayo +竄ｬ1.10 / Zoete Mayo +竄ｬ1.10 / Zoetzuur pikant +竄ｬ1.10 | Warme saus: Stoofvlees +竄ｬ5.00 / Stoofvleessaus +竄ｬ3.00,
Friet,Friet Rombout,"Friet, stoofvleessaus, mexicano, mayo, bicky-ui",10,Met Zout / met Satﾃｩkruiden / Geen zout of satﾃｩ kruiden,Geen saus / Amﾃｩricain +竄ｬ1.10 / Andalouse +竄ｬ1.10 / Barbecue +竄ｬ1.10 / Brazil +竄ｬ1.10 / Cocktail +竄ｬ1.10 / Curry +竄ｬ1.10 / Curryketchup +竄ｬ1.10 / Joppie +竄ｬ1.10 / Look +竄ｬ1.10 / Mammouth +竄ｬ1.10 / Mammouth hot +竄ｬ1.10 / Mayo +竄ｬ1.10 / Mosterd +竄ｬ1.10 / Peper +竄ｬ1.10 / Pili pili +竄ｬ1.10 / Samuray +竄ｬ1.10 / Saus dubbel +竄ｬ2.00 / Spﾃｩciaalsaus +竄ｬ2.00 / Tartaar +竄ｬ1.10 / Tomatenketchup +竄ｬ1.10 / Truffelmayo +竄ｬ1.10 / Zoete Mayo +竄ｬ1.10 / Zoetzuur pikant +竄ｬ1.10 | Warme saus: Stoofvlees +竄ｬ5.00 / Stoofvleessaus +竄ｬ3.00,
Snack,Bami,,3.2,,,
Snack,Berenpoot,,4,,,
Snack,Bitterballen,,3.2,,,
Snack,Boulet,,3.5,,,
Snack,Boulet speciaal,,4.5,Tomaten Ketchup / Curry Ketchup,,
Snack,Frikandel XXL,,4.5,,,
Snack,Garnaalkroket,,4,,,
Snack,Goulashkroket,,3.2,,,
Snack,Grizzly,,4.5,,,
Snack,Kaaskroket,,3.2,,,
Snack,Kipcorn,,3.2,,,
Snack,Kipfingers,,4,,,
Snack,Kipnuggets,,4,,,
Snack,Kippenboutjes,,5,,,
Snack,Kipsatﾃｩ,,4.5,,,
Snack,Mammoet,,3.5,,,
Snack,Mexicano,,4,,,
Snack,Mini Loempia,,4,,,
Snack,Mini Lucifers,,4,,,
Snack,Mozarellasticks,,4,,,
Snack,Ribster,,4,,,
Snack,Satﾃｩ,,4.5,,,
Snack,Sitostick,,4,,,
Snack,Viandel spicy,,4,,,
Snack,Vlammetjes,,4,,,
Snack,Vuurvreter,,3.5,,,
Snack,Vleeskroket,,3.5,,,
Snack,Zigeunerstick,,3.5,,,
Snack,Cervela speciaal,,4.5,Tomaten Ketchup / Curry Ketchup,,
Snack,Curryworst speciaal,,3.5,Tomaten Ketchup / Curry Ketchup,,
Snack,Frikandel XXL speciaal,,6,Tomaten Ketchup / Curry Ketchup,,
Snack,Viandel speciaal,,4.2,Tomaten Ketchup / Curry Ketchup,,
Snack,Cervela,,3.5,,,
Snack,Curryworst,,2.5,,,
Snack,Viandel,,3.2,,,
Koude sauzen,Mayo,,1.1,,,
Koude sauzen,Tomatenketchup,,1.1,,,
Koude sauzen,Curryketchup,,1.1,,,
Koude sauzen,Andalouse,,1.1,,,
Koude sauzen,Amﾃｩricain,,1.1,,,
Koude sauzen,Barbecue,,1.1,,,
Koude sauzen,Brazil,,1.1,,,
Koude sauzen,Cocktail,,1.1,,,
Koude sauzen,Curry,,1.1,,,
Koude sauzen,Joppie,,1.1,,,
Koude sauzen,Look,,1.1,,,
Koude sauzen,Mammouth,,1.1,,,
Koude sauzen,Mammouth hot,,1.1,,,
Koude sauzen,Mosterd,,1.1,,,
Koude sauzen,Peper,,1.1,,,
Koude sauzen,Pili pili,,1.1,,,
Koude sauzen,Samuraﾃｯ,,1.1,,,
Koude sauzen,Tartaar,,1.1,,,
Koude sauzen,Truffelmayo,,1.1,,,
Koude sauzen,Zoete Mayo,,1.1,,,
Koude sauzen,Zoetzuur pikant,,1.1,,,
Koude sauzen,Spﾃｩciaalsaus,,2,,,
Koude sauzen,Saus dubbel,,2,,,
Warme sauzen,Stoofvlees,,5,,,
Warme sauzen,Stoofvleessaus,,3,,,
Hamburgers,Hamburger,,4,Met gebakken ajuin / Zonder gebakken ajuin | Pistolet (gratis) / Baguette (+竄ｬ2.00),Geen saus / Amﾃｩricain / Andalouse / Barbecue / Brazil / Cocktail / Curry / Curryketchup / Joppie / Look / Mammouth / Mammouth hot / Mayo / Mosterd / Peper / Pili pili / Samuray / Tartaar / Tomatenketchup / Truffelmayo / Zoete Mayo / Zoetzuur pikant,
Hamburgers,Cheeseburger,,4.7,Met gebakken ajuin / Zonder gebakken ajuin | Pistolet (gratis) / Baguette (+竄ｬ2.00),Geen saus / Amﾃｩricain / Andalouse / Barbecue / Brazil / Cocktail / Curry / Curryketchup / Joppie / Look / Mammouth / Mammouth hot / Mayo / Mosterd / Peper / Pili pili / Samuray / Tartaar / Tomatenketchup / Truffelmayo / Zoete Mayo / Zoetzuur pikant,Cheese +竄ｬ0.70 / Cheese Bacon +竄ｬ1.50 / Smos +竄ｬ1.00 / Spﾃｩciaalsaus Tomaatketchup +竄ｬ1.00 / Spﾃｩciaalsaus Curryketchup +竄ｬ1.00 / Bacon +竄ｬ1.00 / Snipperui +竄ｬ0.30 / Gedroogde ui +竄ｬ0.30 / Augurk +竄ｬ0.30 / Sla +竄ｬ0.30 / Tomaat +竄ｬ0.30
Hamburgers,Baconburger,,5,Met gebakken ajuin / Zonder gebakken ajuin | Pistolet (gratis) / Baguette (+竄ｬ2.00),Geen saus / Amﾃｩricain / Andalouse / Barbecue / Brazil / Cocktail / Curry / Curryketchup / Joppie / Look / Mammouth / Mammouth hot / Mayo / Mosterd / Peper / Pili pili / Samuray / Tartaar / Tomatenketchup / Truffelmayo / Zoete Mayo / Zoetzuur pikant,Cheese +竄ｬ0.70 / Cheese Bacon +竄ｬ1.50 / Smos +竄ｬ1.00 / Spﾃｩciaalsaus Tomaatketchup +竄ｬ1.00 / Spﾃｩciaalsaus Curryketchup +竄ｬ1.00 / Bacon +竄ｬ1.00 / Snipperui +竄ｬ0.30 / Gedroogde ui +竄ｬ0.30 / Augurk +竄ｬ0.30 / Sla +竄ｬ0.30 / Tomaat +竄ｬ0.30
Hamburgers,Cheese-baconburger,,5.5,Met gebakken ajuin / Zonder gebakken ajuin | Pistolet (gratis) / Baguette (+竄ｬ2.00),Geen saus / Amﾃｩricain / Andalouse / Barbecue / Brazil / Cocktail / Curry / Curryketchup / Joppie / Look / Mammouth / Mammouth hot / Mayo / Mosterd / Peper / Pili pili / Samuray / Tartaar / Tomatenketchup / Truffelmayo / Zoete Mayo / Zoetzuur pikant,Cheese +竄ｬ0.70 / Cheese Bacon +竄ｬ1.50 / Smos +竄ｬ1.00 / Spﾃｩciaalsaus Tomaatketchup +竄ｬ1.00 / Spﾃｩciaalsaus Curryketchup +竄ｬ1.00 / Bacon +竄ｬ1.00 / Snipperui +竄ｬ0.30 / Gedroogde ui +竄ｬ0.30 / Augurk +竄ｬ0.30 / Sla +竄ｬ0.30 / Tomaat +竄ｬ0.30
Hamburgers,Chicken Crispy,,5,Met gebakken ajuin / Zonder gebakken ajuin | Pistolet (gratis) / Baguette (+竄ｬ2.00),Geen saus / Amﾃｩricain / Andalouse / Barbecue / Brazil / Cocktail / Curry / Curryketchup / Joppie / Look / Mammouth / Mammouth hot / Mayo / Mosterd / Peper / Pili pili / Samuray / Tartaar / Tomatenketchup / Truffelmayo / Zoete Mayo / Zoetzuur pikant,Cheese +竄ｬ0.70 / Cheese Bacon +竄ｬ1.50 / Smos +竄ｬ1.00 / Spﾃｩciaalsaus Tomaatketchup +竄ｬ1.00 / Spﾃｩciaalsaus Curryketchup +竄ｬ1.00 / Bacon +竄ｬ1.00 / Snipperui +竄ｬ0.30 / Gedroogde ui +竄ｬ0.30 / Augurk +竄ｬ0.30 / Sla +竄ｬ0.30 / Tomaat +竄ｬ0.30
Hamburgers,Fishburger,,5,Met gebakken ajuin / Zonder gebakken ajuin | Pistolet (gratis) / Baguette (+竄ｬ2.00),Geen saus / Amﾃｩricain / Andalouse / Barbecue / Brazil / Cocktail / Curry / Curryketchup / Joppie / Look / Mammouth / Mammouth hot / Mayo / Mosterd / Peper / Pili pili / Samuray / Tartaar / Tomatenketchup / Truffelmayo / Zoete Mayo / Zoetzuur pikant,Cheese +竄ｬ0.70 / Cheese Bacon +竄ｬ1.50 / Smos +竄ｬ1.00 / Spﾃｩciaalsaus Tomaatketchup +竄ｬ1.00 / Spﾃｩciaalsaus Curryketchup +竄ｬ1.00 / Bacon +竄ｬ1.00 / Snipperui +竄ｬ0.30 / Gedroogde ui +竄ｬ0.30 / Augurk +竄ｬ0.30 / Sla +竄ｬ0.30 / Tomaat +竄ｬ0.30
Hamburgers,Veggieburger,,5,Met gebakken ajuin / Zonder gebakken ajuin | Pistolet (gratis) / Baguette (+竄ｬ2.00),Geen saus / Amﾃｩricain / Andalouse / Barbecue / Brazil / Cocktail / Curry / Curryketchup / Joppie / Look / Mammouth / Mammouth hot / Mayo / Mosterd / Peper / Pili pili / Samuray / Tartaar / Tomatenketchup / Truffelmayo / Zoete Mayo / Zoetzuur pikant,Cheese +竄ｬ0.70 / Cheese Bacon +竄ｬ1.50 / Smos +竄ｬ1.00 / Spﾃｩciaalsaus Tomaatketchup +竄ｬ1.00 / Spﾃｩciaalsaus Curryketchup +竄ｬ1.00 / Bacon +竄ｬ1.00 / Snipperui +竄ｬ0.30 / Gedroogde ui +竄ｬ0.30 / Augurk +竄ｬ0.30 / Sla +竄ｬ0.30 / Tomaat +竄ｬ0.30
Hamburgers,Halalburger,,4.5,Met gebakken ajuin / Zonder gebakken ajuin | Pistolet (gratis) / Baguette (+竄ｬ2.00),Geen saus / Amﾃｩricain / Andalouse / Barbecue / Brazil / Cocktail / Curry / Curryketchup / Joppie / Look / Mammouth / Mammouth hot / Mayo / Mosterd / Peper / Pili pili / Samuray / Tartaar / Tomatenketchup / Truffelmayo / Zoete Mayo / Zoetzuur pikant,Cheese +竄ｬ0.70 / Cheese Bacon +竄ｬ1.50 / Smos +竄ｬ1.00 / Spﾃｩciaalsaus Tomaatketchup +竄ｬ1.00 / Spﾃｩciaalsaus Curryketchup +竄ｬ1.00 / Bacon +竄ｬ1.00 / Snipperui +竄ｬ0.30 / Gedroogde ui +竄ｬ0.30 / Augurk +竄ｬ0.30 / Sla +竄ｬ0.30 / Tomaat +竄ｬ0.30
Hamburgers,Black Pepper Burger,"Angus burger, peperbun, pepersaus, sla, tomaat, rode ui",7,Met gebakken ajuin / Zonder gebakken ajuin | Pistolet (gratis) / Baguette (+竄ｬ2.00),Geen saus / Amﾃｩricain / Andalouse / Barbecue / Brazil / Cocktail / Curry / Curryketchup / Joppie / Look / Mammouth / Mammouth hot / Mayo / Mosterd / Peper / Pili pili / Samuray / Tartaar / Tomatenketchup / Truffelmayo / Zoete Mayo / Zoetzuur pikant,Cheese +竄ｬ0.70 / Cheese Bacon +竄ｬ1.50 / Smos +竄ｬ1.00 / Spﾃｩciaalsaus Tomaatketchup +竄ｬ1.00 / Spﾃｩciaalsaus Curryketchup +竄ｬ1.00 / Bacon +竄ｬ1.00 / Snipperui +竄ｬ0.30 / Gedroogde ui +竄ｬ0.30 / Augurk +竄ｬ0.30 / Sla +竄ｬ0.30 / Tomaat +竄ｬ0.30
Hamburgers,Jalapeno Burger,"sesambun, jalapenoburger, sla, tomaat, cheese, jalapeno's, jalapenomayo",6.5,Met gebakken ajuin / Zonder gebakken ajuin | Pistolet (gratis) / Baguette (+竄ｬ2.00),Geen saus / Amﾃｩricain / Andalouse / Barbecue / Brazil / Cocktail / Curry / Curryketchup / Joppie / Look / Mammouth / Mammouth hot / Mayo / Mosterd / Peper / Pili pili / Samuray / Tartaar / Tomatenketchup / Truffelmayo / Zoete Mayo / Zoetzuur pikant,Cheese +竄ｬ0.70 / Cheese Bacon +竄ｬ1.50 / Smos +竄ｬ1.00 / Spﾃｩciaalsaus Tomaatketchup +竄ｬ1.00 / Spﾃｩciaalsaus Curryketchup +竄ｬ1.00 / Bacon +竄ｬ1.00 / Snipperui +竄ｬ0.30 / Gedroogde ui +竄ｬ0.30 / Augurk +竄ｬ0.30 / Sla +竄ｬ0.30 / Tomaat +竄ｬ0.30
Hamburgers,Jalapenoburger,"Sesambun, sla, tomaat, augurk, Jalapenoburger, cheddar, jalapeno's, jalapenomayo",6.5,Met gebakken ajuin / Zonder gebakken ajuin | Pistolet (gratis) / Baguette (+竄ｬ2.00),Geen saus / Amﾃｩricain / Andalouse / Barbecue / Brazil / Cocktail / Curry / Curryketchup / Joppie / Look / Mammouth / Mammouth hot / Mayo / Mosterd / Peper / Pili pili / Samuray / Tartaar / Tomatenketchup / Truffelmayo / Zoete Mayo / Zoetzuur pikant,Cheese +竄ｬ0.70 / Cheese Bacon +竄ｬ1.50 / Smos +竄ｬ1.00 / Spﾃｩciaalsaus Tomaatketchup +竄ｬ1.00 / Spﾃｩciaalsaus Curryketchup +竄ｬ1.00 / Bacon +竄ｬ1.00 / Snipperui +竄ｬ0.30 / Gedroogde ui +竄ｬ0.30 / Augurk +竄ｬ0.30 / Sla +竄ｬ0.30 / Tomaat +竄ｬ0.30
Bickyburger,Bickyburger,,4.5,Pistolet (gratis) / Baguette (+竄ｬ2.00),Geen saus / Amﾃｩricain / Andalouse / Barbecue / Brazil / Cocktail / Curry / Curryketchup / Joppie / Look / Mammouth / Mammouth hot / Mayo / Mosterd / Peper / Pili pili / Samuray / Tartaar / Tomatenketchup / Truffelmayo / Zoete Mayo / Zoetzuur pikant,Cheese +竄ｬ0.70 / Cheese Bacon +竄ｬ1.50 / Bacon +竄ｬ1.00 / Smos +竄ｬ1.00 / Snipperui +竄ｬ0.30 / Sla +竄ｬ0.30 / Tomaat +竄ｬ0.30
Bickyburger,Bicky Mexicano,,6.5,Pistolet (gratis) / Baguette (+竄ｬ2.00),Geen saus / Amﾃｩricain / Andalouse / Barbecue / Brazil / Cocktail / Curry / Curryketchup / Joppie / Look / Mammouth / Mammouth hot / Mayo / Mosterd / Peper / Pili pili / Samuray / Tartaar / Tomatenketchup / Truffelmayo / Zoete Mayo / Zoetzuur pikant,Cheese +竄ｬ0.70 / Cheese Bacon +竄ｬ1.50 / Bacon +竄ｬ1.00 / Smos +竄ｬ1.00 / Snipperui +竄ｬ0.30 / Sla +竄ｬ0.30 / Tomaat +竄ｬ0.30
Bickyburger,Bicky Chicken,,5.5,Pistolet (gratis) / Baguette (+竄ｬ2.00),Geen saus / Amﾃｩricain / Andalouse / Barbecue / Brazil / Cocktail / Curry / Curryketchup / Joppie / Look / Mammouth / Mammouth hot / Mayo / Mosterd / Peper / Pili pili / Samuray / Tartaar / Tomatenketchup / Truffelmayo / Zoete Mayo / Zoetzuur pikant,Cheese +竄ｬ0.70 / Cheese Bacon +竄ｬ1.50 / Bacon +竄ｬ1.00 / Smos +竄ｬ1.00 / Snipperui +竄ｬ0.30 / Sla +竄ｬ0.30 / Tomaat +竄ｬ0.30
Bickyburger,Bicky Fish,,5.5,Pistolet (gratis) / Baguette (+竄ｬ2.00),Geen saus / Amﾃｩricain / Andalouse / Barbecue / Brazil / Cocktail / Curry / Curryketchup / Joppie / Look / Mammouth / Mammouth hot / Mayo / Mosterd / Peper / Pili pili / Samuray / Tartaar / Tomatenketchup / Truffelmayo / Zoete Mayo / Zoetzuur pikant,Cheese +竄ｬ0.70 / Cheese Bacon +竄ｬ1.50 / Bacon +竄ｬ1.00 / Smos +竄ｬ1.00 / Snipperui +竄ｬ0.30 / Sla +竄ｬ0.30 / Tomaat +竄ｬ0.30
Classic burgers,Hamburger Classic,"sla, tomaat, augurk, cheese, spek",6,Met gebakken ajuin / Zonder gebakken ajuin | Pistolet (gratis) / Baguette (+竄ｬ2.00),Geen saus / Amﾃｩricain / Andalouse / Barbecue / Brazil / Cocktail / Curry / Curryketchup / Joppie / Look / Mammouth / Mammouth hot / Mayo / Mosterd / Peper / Pili pili / Samuray / Tartaar / Tomatenketchup / Truffelmayo / Zoete Mayo / Zoetzuur pikant,Cheese +竄ｬ0.70 / Cheese Bacon +竄ｬ1.50 / Smos +竄ｬ1.00 / Spﾃｩciaalsaus Tomaatketchup +竄ｬ1.00 / Spﾃｩciaalsaus Curryketchup +竄ｬ1.00 / Bacon +竄ｬ1.00 / Snipperui +竄ｬ0.30 / Gedroogde ui +竄ｬ0.30 / Augurk +竄ｬ0.30 / Sla +竄ｬ0.30 / Tomaat +竄ｬ0.30
Classic burgers,Chicken Crispy Classic,"sla, tomaat, augurk, cheese, spek",6.5,Met gebakken ajuin / Zonder gebakken ajuin | Pistolet (gratis) / Baguette (+竄ｬ2.00),Geen saus / Amﾃｩricain / Andalouse / Barbecue / Brazil / Cocktail / Curry / Curryketchup / Joppie / Look / Mammouth / Mammouth hot / Mayo / Mosterd / Peper / Pili pili / Samuray / Tartaar / Tomatenketchup / Truffelmayo / Zoete Mayo / Zoetzuur pikant,Cheese +竄ｬ0.70 / Cheese Bacon +竄ｬ1.50 / Smos +竄ｬ1.00 / Spﾃｩciaalsaus Tomaatketchup +竄ｬ1.00 / Spﾃｩciaalsaus Curryketchup +竄ｬ1.00 / Bacon +竄ｬ1.00 / Snipperui +竄ｬ0.30 / Gedroogde ui +竄ｬ0.30 / Augurk +竄ｬ0.30 / Sla +竄ｬ0.30 / Tomaat +竄ｬ0.30
Classic burgers,Mexicano Classic,"sla, tomaat, augurk, cheese, spek",8,Met gebakken ajuin / Zonder gebakken ajuin | Pistolet (gratis) / Baguette (+竄ｬ2.00),Geen saus / Amﾃｩricain / Andalouse / Barbecue / Brazil / Cocktail / Curry / Curryketchup / Joppie / Look / Mammouth / Mammouth hot / Mayo / Mosterd / Peper / Pili pili / Samuray / Tartaar / Tomatenketchup / Truffelmayo / Zoete Mayo / Zoetzuur pikant,Cheese +竄ｬ0.70 / Cheese Bacon +竄ｬ1.50 / Smos +竄ｬ1.00 / Spﾃｩciaalsaus Tomaatketchup +竄ｬ1.00 / Spﾃｩciaalsaus Curryketchup +竄ｬ1.00 / Bacon +竄ｬ1.00 / Snipperui +竄ｬ0.30 / Gedroogde ui +竄ｬ0.30 / Augurk +竄ｬ0.30 / Sla +竄ｬ0.30 / Tomaat +竄ｬ0.30
Warme Broodjes,Mexicano,,6,,Geen saus / Amﾃｩricain / Andalouse / Barbecue / Brazil / Cocktail / Curry / Curryketchup / Joppie / Look / Mammouth / Mammouth hot / Mayo / Mosterd / Peper / Pili pili / Samuray / Saus dubbel (+竄ｬ2) / Spﾃｩciaalsaus (+竄ｬ2) / Tartaar / Tomatenketchup / Truffelmayo / Zoete Mayo / Zoetzuur pikant,Cheese +竄ｬ0.70 / Cheese Bacon +竄ｬ1.50 / Smos +竄ｬ1.00 / Spﾃｩciaalsaus Tomaatketchup +竄ｬ1.00 / Spﾃｩciaalsaus Curryketchup +竄ｬ1.00 / Bacon +竄ｬ1.00 / Snipperui +竄ｬ0.30 / Gedroogde ui +竄ｬ0.30 / Augurk +竄ｬ0.30 / Sla +竄ｬ0.30 / Tomaat +竄ｬ0.30
Warme Broodjes,Curryworst,,6,,Geen saus / Amﾃｩricain / Andalouse / Barbecue / Brazil / Cocktail / Curry / Curryketchup / Joppie / Look / Mammouth / Mammouth hot / Mayo / Mosterd / Peper / Pili pili / Samuray / Saus dubbel (+竄ｬ2) / Spﾃｩciaalsaus (+竄ｬ2) / Tartaar / Tomatenketchup / Truffelmayo / Zoete Mayo / Zoetzuur pikant,Cheese +竄ｬ0.70 / Cheese Bacon +竄ｬ1.50 / Smos +竄ｬ1.00 / Spﾃｩciaalsaus Tomaatketchup +竄ｬ1.00 / Spﾃｩciaalsaus Curryketchup +竄ｬ1.00 / Bacon +竄ｬ1.00 / Snipperui +竄ｬ0.30 / Gedroogde ui +竄ｬ0.30 / Augurk +竄ｬ0.30 / Sla +竄ｬ0.30 / Tomaat +竄ｬ0.30
Warme Broodjes,Curryworst spﾃｩciaal,,6.5,,Geen saus / Amﾃｩricain / Andalouse / Barbecue / Brazil / Cocktail / Curry / Curryketchup / Joppie / Look / Mammouth / Mammouth hot / Mayo / Mosterd / Peper / Pili pili / Samuray / Saus dubbel (+竄ｬ2) / Spﾃｩciaalsaus (+竄ｬ2) / Tartaar / Tomatenketchup / Truffelmayo / Zoete Mayo / Zoetzuur pikant,Cheese +竄ｬ0.70 / Cheese Bacon +竄ｬ1.50 / Smos +竄ｬ1.00 / Spﾃｩciaalsaus Tomaatketchup +竄ｬ1.00 / Spﾃｩciaalsaus Curryketchup +竄ｬ1.00 / Bacon +竄ｬ1.00 / Snipperui +竄ｬ0.30 / Gedroogde ui +竄ｬ0.30 / Augurk +竄ｬ0.30 / Sla +竄ｬ0.30 / Tomaat +竄ｬ0.30
Warme Broodjes,Boulet,,6,,Geen saus / Amﾃｩricain / Andalouse / Barbecue / Brazil / Cocktail / Curry / Curryketchup / Joppie / Look / Mammouth / Mammouth hot / Mayo / Mosterd / Peper / Pili pili / Samuray / Saus dubbel (+竄ｬ2) / Spﾃｩciaalsaus (+竄ｬ2) / Tartaar / Tomatenketchup / Truffelmayo / Zoete Mayo / Zoetzuur pikant,Cheese +竄ｬ0.70 / Cheese Bacon +竄ｬ1.50 / Smos +竄ｬ1.00 / Spﾃｩciaalsaus Tomaatketchup +竄ｬ1.00 / Spﾃｩciaalsaus Curryketchup +竄ｬ1.00 / Bacon +竄ｬ1.00 / Snipperui +竄ｬ0.30 / Gedroogde ui +竄ｬ0.30 / Augurk +竄ｬ0.30 / Sla +竄ｬ0.30 / Tomaat +竄ｬ0.30
Warme Broodjes,Boulet spﾃｩciaal,,6.5,,Geen saus / Amﾃｩricain / Andalouse / Barbecue / Brazil / Cocktail / Curry / Curryketchup / Joppie / Look / Mammouth / Mammouth hot / Mayo / Mosterd / Peper / Pili pili / Samuray / Saus dubbel (+竄ｬ2) / Spﾃｩciaalsaus (+竄ｬ2) / Tartaar / Tomatenketchup / Truffelmayo / Zoete Mayo / Zoetzuur pikant,Cheese +竄ｬ0.70 / Cheese Bacon +竄ｬ1.50 / Smos +竄ｬ1.00 / Spﾃｩciaalsaus Tomaatketchup +竄ｬ1.00 / Spﾃｩciaalsaus Curryketchup +竄ｬ1.00 / Bacon +竄ｬ1.00 / Snipperui +竄ｬ0.30 / Gedroogde ui +竄ｬ0.30 / Augurk +竄ｬ0.30 / Sla +竄ｬ0.30 / Tomaat +竄ｬ0.30
Warme Broodjes,Satﾃｩ,,6.5,,Geen saus / Amﾃｩricain / Andalouse / Barbecue / Brazil / Cocktail / Curry / Curryketchup / Joppie / Look / Mammouth / Mammouth hot / Mayo / Mosterd / Peper / Pili pili / Samuray / Saus dubbel (+竄ｬ2) / Spﾃｩciaalsaus (+竄ｬ2) / Tartaar / Tomatenketchup / Truffelmayo / Zoete Mayo / Zoetzuur pikant,Cheese +竄ｬ0.70 / Cheese Bacon +竄ｬ1.50 / Smos +竄ｬ1.00 / Spﾃｩciaalsaus Tomaatketchup +竄ｬ1.00 / Spﾃｩciaalsaus Curryketchup +竄ｬ1.00 / Bacon +竄ｬ1.00 / Snipperui +竄ｬ0.30 / Gedroogde ui +竄ｬ0.30 / Augurk +竄ｬ0.30 / Sla +竄ｬ0.30 / Tomaat +竄ｬ0.30
Warme Broodjes,Kipsatﾃｩ,,6.5,,Geen saus / Amﾃｩricain / Andalouse / Barbecue / Brazil / Cocktail / Curry / Curryketchup / Joppie / Look / Mammouth / Mammouth hot / Mayo / Mosterd / Peper / Pili pili / Samuray / Saus dubbel (+竄ｬ2) / Spﾃｩciaalsaus (+竄ｬ2) / Tartaar / Tomatenketchup / Truffelmayo / Zoete Mayo / Zoetzuur pikant,Cheese +竄ｬ0.70 / Cheese Bacon +竄ｬ1.50 / Smos +竄ｬ1.00 / Spﾃｩciaalsaus Tomaatketchup +竄ｬ1.00 / Spﾃｩciaalsaus Curryketchup +竄ｬ1.00 / Bacon +竄ｬ1.00 / Snipperui +竄ｬ0.30 / Gedroogde ui +竄ｬ0.30 / Augurk +竄ｬ0.30 / Sla +竄ｬ0.30 / Tomaat +竄ｬ0.30
Warme Broodjes,Sitostick,,6.5,,Geen saus / Amﾃｩricain / Andalouse / Barbecue / Brazil / Cocktail / Curry / Curryketchup / Joppie / Look / Mammouth / Mammouth hot / Mayo / Mosterd / Peper / Pili pili / Samuray / Saus dubbel (+竄ｬ2) / Spﾃｩciaalsaus (+竄ｬ2) / Tartaar / Tomatenketchup / Truffelmayo / Zoete Mayo / Zoetzuur pikant,Cheese +竄ｬ0.70 / Cheese Bacon +竄ｬ1.50 / Smos +竄ｬ1.00 / Spﾃｩciaalsaus Tomaatketchup +竄ｬ1.00 / Spﾃｩciaalsaus Curryketchup +竄ｬ1.00 / Bacon +竄ｬ1.00 / Snipperui +竄ｬ0.30 / Gedroogde ui +竄ｬ0.30 / Augurk +竄ｬ0.30 / Sla +竄ｬ0.30 / Tomaat +竄ｬ0.30
Warme Broodjes,Grizzly,,7,,Geen saus / Amﾃｩricain / Andalouse / Barbecue / Brazil / Cocktail / Curry / Curryketchup / Joppie / Look / Mammouth / Mammouth hot / Mayo / Mosterd / Peper / Pili pili / Samuray / Saus dubbel (+竄ｬ2) / Spﾃｩciaalsaus (+竄ｬ2) / Tartaar / Tomatenketchup / Truffelmayo / Zoete Mayo / Zoetzuur pikant,Cheese +竄ｬ0.70 / Cheese Bacon +竄ｬ1.50 / Smos +竄ｬ1.00 / Spﾃｩciaalsaus Tomaatketchup +竄ｬ1.00 / Spﾃｩciaalsaus Curryketchup +竄ｬ1.00 / Bacon +竄ｬ1.00 / Snipperui +竄ｬ0.30 / Gedroogde ui +竄ｬ0.30 / Augurk +竄ｬ0.30 / Sla +竄ｬ0.30 / Tomaat +竄ｬ0.30
Warme Broodjes,Vleeskroket (2 stuks),,8,,Geen saus / Amﾃｩricain / Andalouse / Barbecue / Brazil / Cocktail / Curry / Curryketchup / Joppie / Look / Mammouth / Mammouth hot / Mayo / Mosterd / Peper / Pili pili / Samuray / Saus dubbel (+竄ｬ2) / Spﾃｩciaalsaus (+竄ｬ2) / Tartaar / Tomatenketchup / Truffelmayo / Zoete Mayo / Zoetzuur pikant,Cheese +竄ｬ0.70 / Cheese Bacon +竄ｬ1.50 / Smos +竄ｬ1.00 / Spﾃｩciaalsaus Tomaatketchup +竄ｬ1.00 / Spﾃｩciaalsaus Curryketchup +竄ｬ1.00 / Bacon +竄ｬ1.00 / Snipperui +竄ｬ0.30 / Gedroogde ui +竄ｬ0.30 / Augurk +竄ｬ0.30 / Sla +竄ｬ0.30 / Tomaat +竄ｬ0.30
Warme Broodjes,Kaaskroket (2 stuks),,8,,Geen saus / Amﾃｩricain / Andalouse / Barbecue / Brazil / Cocktail / Curry / Curryketchup / Joppie / Look / Mammouth / Mammouth hot / Mayo / Mosterd / Peper / Pili pili / Samuray / Saus dubbel (+竄ｬ2) / Spﾃｩciaalsaus (+竄ｬ2) / Tartaar / Tomatenketchup / Truffelmayo / Zoete Mayo / Zoetzuur pikant,Cheese +竄ｬ0.70 / Cheese Bacon +竄ｬ1.50 / Smos +竄ｬ1.00 / Spﾃｩciaalsaus Tomaatketchup +竄ｬ1.00 / Spﾃｩciaalsaus Curryketchup +竄ｬ1.00 / Bacon +竄ｬ1.00 / Snipperui +竄ｬ0.30 / Gedroogde ui +竄ｬ0.30 / Augurk +竄ｬ0.30 / Sla +竄ｬ0.30 / Tomaat +竄ｬ0.30
Broodjes,Kaas,,4.2,Wit (gratis) / Bruin (+竄ｬ0.30) | Zonder smos (gratis) / Smos (+竄ｬ1.00) | Klein (-竄ｬ0.70) / Baguette (gratis),,
Broodjes,Ham,,4.2,Wit (gratis) / Bruin (+竄ｬ0.30) | Zonder smos (gratis) / Smos (+竄ｬ1.00) | Klein (-竄ｬ0.70) / Baguette (gratis),,
Broodjes,Kaas/Ham,,4.5,Wit (gratis) / Bruin (+竄ｬ0.30) | Zonder smos (gratis) / Smos (+竄ｬ1.00) | Klein (-竄ｬ0.70) / Baguette (gratis),,
Broodjes,Kipfilet,,4.5,Wit (gratis) / Bruin (+竄ｬ0.30) | Zonder smos (gratis) / Smos (+竄ｬ1.00) | Klein (-竄ｬ0.70) / Baguette (gratis),,
Broodjes,Salami,,4.5,Wit (gratis) / Bruin (+竄ｬ0.30) | Zonder smos (gratis) / Smos (+竄ｬ1.00) | Klein (-竄ｬ0.70) / Baguette (gratis),,
Broodjes,Amﾃｩricain,,4.5,Wit (gratis) / Bruin (+竄ｬ0.30) | Zonder smos (gratis) / Smos (+竄ｬ1.00) | Klein (-竄ｬ0.70) / Baguette (gratis),,
Broodjes,Martino,,4.8,Wit (gratis) / Bruin (+竄ｬ0.30) | Zonder smos (gratis) / Smos (+竄ｬ1.00) | Klein (-竄ｬ0.70) / Baguette (gratis),,
Broodjes,Kip curry,,4.5,Wit (gratis) / Bruin (+竄ｬ0.30) | Zonder smos (gratis) / Smos (+竄ｬ1.00) | Klein (-竄ｬ0.70) / Baguette (gratis),,
Broodjes,Krabsla,,4.8,Wit (gratis) / Bruin (+竄ｬ0.30) | Zonder smos (gratis) / Smos (+竄ｬ1.00) | Klein (-竄ｬ0.70) / Baguette (gratis),,
Broodjes,Tonijnsla,,4.5,Wit (gratis) / Bruin (+竄ｬ0.30) | Zonder smos (gratis) / Smos (+竄ｬ1.00) | Klein (-竄ｬ0.70) / Baguette (gratis),,
Broodjes,Tonijnsla pikant,,4.5,Wit (gratis) / Bruin (+竄ｬ0.30) | Zonder smos (gratis) / Smos (+竄ｬ1.00) | Klein (-竄ｬ0.70) / Baguette (gratis),,
Broodjes,Tonijntino,,4.8,Wit (gratis) / Bruin (+竄ｬ0.30) | Zonder smos (gratis) / Smos (+竄ｬ1.00) | Klein (-竄ｬ0.70) / Baguette (gratis),,
Broodjes,Gerookte zalm,,6,Wit (gratis) / Bruin (+竄ｬ0.30) | Zonder smos (gratis) / Smos (+竄ｬ1.00) | Klein (-竄ｬ0.70) / Baguette (gratis),,
Broodjes,Brie,,6,Wit (gratis) / Bruin (+竄ｬ0.30) | Zonder smos (gratis) / Smos (+竄ｬ1.00) | Klein (-竄ｬ0.70) / Baguette (gratis),,
Broodjes,Gegrilde kip,,5.5,Wit (gratis) / Bruin (+竄ｬ0.30) | Zonder smos (gratis) / Smos (+竄ｬ1.00) | Klein (-竄ｬ0.70) / Baguette (gratis),,
Broodjes,Omelet Natuur/Spek,,,Wit (gratis) / Bruin (+竄ｬ0.30) | Zonder smos (gratis) / Smos (+竄ｬ1.00) | Klein (-竄ｬ0.70) / Baguette (gratis),,
Speciale koude broodjes,Grill Chicken,"Kippensneetjes, Andalouse, sla, wortel, bicky-ui",6,,,
Speciale koude broodjes,Grill Chicken Bacon,"Kippensneetjes, bacon, sla, Andalouse, wortel, bicky-ui",6.5,,,
Speciale koude broodjes,Grill Chicken cocktail,"Kippensneetjes, cocktail, sla, tomaat, augurk, bicky-ui",6,,,
Speciale koude broodjes,Grill Chicken Caesar,"Kippensneetjes, sla, komkommer, ansjovis, parmezaanse kaas, caesardressing",6.5,,,
Speciale koude broodjes,Kip Caprese,"Kipfilet, pesto, tomaat, mozarella, rucola",6.5,,,
Speciale koude broodjes,Sweet brie,"Brie, honing, noten, rucola",6.5,,,
Speciale koude broodjes,Sweet brie bacon,"Brie, bacon, honing, noten, rucola",7,,,
Speciale koude broodjes,Gentse Martino,"Amﾃｩricain, martinosaus, ui, augurk, ansjovis",5.5,,,
Speciale koude broodjes,Tomaat Mozarella,"Pesto, mozarella, tomaat, zongedroogde tomaat, rucola",5.5,,,
Speciale koude broodjes,Italiaanse ham,"Pesto, mozarella, Italiaanse ham, tomaat, zongedroogde tomaat, rucola",6.5,,,
Speciale koude broodjes,Rosbief Truffelmayo,"Huisgemaakte rosbief, truffelmayo, rucola, parmezaanse kaas",6.5,,,
Speciale koude broodjes,Salmon,"Gerookte zalm, kruidenkaas, ui, komkommer, rucola",7,,,
Speciale koude broodjes,Atlantique,"Gerookte zalm, ui, huisgemaakte tartaar, cresson",7,,,
Speciale koude broodjes,Diabolique,"Boulet, sla, tomaat, augurk, mayo, ketchup, ui",6.5,,,
Speciale koude broodjes,Tonijnsla-perzik,"Tonijnsla, perzik, cocktailsaus, cresson",,,,
Speciale koude broodjes,Grill Chicken Pesto,"Kipsneetjes, pesto, rucola, parmezaanse kaas",6.5,,,
Speciale koude broodjes,Rosbief Pesto,"Huisgemaakte rosbief, pesto, rucola, parmezaanse kaas, zongedroogde tomaat",6.5,,,
Wraps,Wrap chicken,"kip, sla, wortel, komkommer, bicky-ui, cocktailsaus",6,,,
Wraps,Wrap chicken caesar,"kip, ansjovis, sla, caesardressing, komkommer, bicky-ui, parmesanschilfers",6.5,,,
Wraps,Wrap Italiaanse ham,"Italiaanse ham, mozarella, pesto, zongedroogde tomaat, rucola",6.5,,,
Wraps,Wrap Tomaat Mozarella,"rucola, mozarella, tomaat, zongedroogde tomaat, pesto",5.5,,,
Wraps,Wrap Salmon,"Gerookte zalm, kruidenkaas, rucola, tomaat, snipperui",7,,,
Mitraillette,Hamburger,,8.5,Met Zout / met Satﾃｩkruiden / Geen zout of satﾃｩ kruiden | Met gebakken ajuin / Zonder gebakken ajuin,Geen saus / Amﾃｩricain / Andalouse / Barbecue / Brazil / Cocktail / Curry / Curryketchup / Joppie / Look / Mammouth / Mammouth hot / Mayo / Mosterd / Peper / Pili pili / Samuray / Tartaar / Tomatenketchup / Truffelmayo / Zoete Mayo / Zoetzuur pikant,Cheese (+竄ｬ0.70) / Cheese Bacon (+竄ｬ1.50) / Smos (+竄ｬ1.00) / Spﾃｩciaalsaus Tomaatketchup (+竄ｬ1.00) / Spﾃｩciaalsaus curryketchup (+竄ｬ1.00) / Bacon (+竄ｬ1.00) / Snipperui (+竄ｬ0.30) / Gedroogde ui (+竄ｬ0.30) / Augurk (+竄ｬ0.30) / Sla (+竄ｬ0.30) / Tomaat (+竄ｬ0.30)
Mitraillette,Fishburger,,9,Met Zout / met Satﾃｩkruiden / Geen zout of satﾃｩ kruiden | Met gebakken ajuin / Zonder gebakken ajuin,Geen saus / Amﾃｩricain / Andalouse / Barbecue / Brazil / Cocktail / Curry / Curryketchup / Joppie / Look / Mammouth / Mammouth hot / Mayo / Mosterd / Peper / Pili pili / Samuray / Tartaar / Tomatenketchup / Truffelmayo / Zoete Mayo / Zoetzuur pikant,Cheese (+竄ｬ0.70) / Cheese Bacon (+竄ｬ1.50) / Smos (+竄ｬ1.00) / Spﾃｩciaalsaus Tomaatketchup (+竄ｬ1.00) / Spﾃｩciaalsaus curryketchup (+竄ｬ1.00) / Bacon (+竄ｬ1.00) / Snipperui (+竄ｬ0.30) / Gedroogde ui (+竄ｬ0.30) / Augurk (+竄ｬ0.30) / Sla (+竄ｬ0.30) / Tomaat (+竄ｬ0.30)
Mitraillette,Veggieburger,,9.5,Met Zout / met Satﾃｩkruiden / Geen zout of satﾃｩ kruiden | Met gebakken ajuin / Zonder gebakken ajuin,Geen saus / Amﾃｩricain / Andalouse / Barbecue / Brazil / Cocktail / Curry / Curryketchup / Joppie / Look / Mammouth / Mammouth hot / Mayo / Mosterd / Peper / Pili pili / Samuray / Tartaar / Tomatenketchup / Truffelmayo / Zoete Mayo / Zoetzuur pikant,Cheese (+竄ｬ0.70) / Cheese Bacon (+竄ｬ1.50) / Smos (+竄ｬ1.00) / Spﾃｩciaalsaus Tomaatketchup (+竄ｬ1.00) / Spﾃｩciaalsaus curryketchup (+竄ｬ1.00) / Bacon (+竄ｬ1.00) / Snipperui (+竄ｬ0.30) / Gedroogde ui (+竄ｬ0.30) / Augurk (+竄ｬ0.30) / Sla (+竄ｬ0.30) / Tomaat (+竄ｬ0.30)
Mitraillette,Hallalburger,,8.5,Met Zout / met Satﾃｩkruiden / Geen zout of satﾃｩ kruiden | Met gebakken ajuin / Zonder gebakken ajuin,Geen saus / Amﾃｩricain / Andalouse / Barbecue / Brazil / Cocktail / Curry / Curryketchup / Joppie / Look / Mammouth / Mammouth hot / Mayo / Mosterd / Peper / Pili pili / Samuray / Tartaar / Tomatenketchup / Truffelmayo / Zoete Mayo / Zoetzuur pikant,Cheese (+竄ｬ0.70) / Cheese Bacon (+竄ｬ1.50) / Smos (+竄ｬ1.00) / Spﾃｩciaalsaus Tomaatketchup (+竄ｬ1.00) / Spﾃｩciaalsaus curryketchup (+竄ｬ1.00) / Bacon (+竄ｬ1.00) / Snipperui (+竄ｬ0.30) / Gedroogde ui (+竄ｬ0.30) / Augurk (+竄ｬ0.30) / Sla (+竄ｬ0.30) / Tomaat (+竄ｬ0.30)
Mitraillette,Chicken Crispy burger,,9,Met Zout / met Satﾃｩkruiden / Geen zout of satﾃｩ kruiden | Met gebakken ajuin / Zonder gebakken ajuin,Geen saus / Amﾃｩricain / Andalouse / Barbecue / Brazil / Cocktail / Curry / Curryketchup / Joppie / Look / Mammouth / Mammouth hot / Mayo / Mosterd / Peper / Pili pili / Samuray / Tartaar / Tomatenketchup / Truffelmayo / Zoete Mayo / Zoetzuur pikant,Cheese (+竄ｬ0.70) / Cheese Bacon (+竄ｬ1.50) / Smos (+竄ｬ1.00) / Spﾃｩciaalsaus Tomaatketchup (+竄ｬ1.00) / Spﾃｩciaalsaus curryketchup (+竄ｬ1.00) / Bacon (+竄ｬ1.00) / Snipperui (+竄ｬ0.30) / Gedroogde ui (+竄ｬ0.30) / Augurk (+竄ｬ0.30) / Sla (+竄ｬ0.30) / Tomaat (+竄ｬ0.30)
Mitraillette,Bickyburger,,9,Met Zout / met Satﾃｩkruiden / Geen zout of satﾃｩ kruiden | Met gebakken ajuin / Zonder gebakken ajuin,Geen saus / Amﾃｩricain / Andalouse / Barbecue / Brazil / Cocktail / Curry / Curryketchup / Joppie / Look / Mammouth / Mammouth hot / Mayo / Mosterd / Peper / Pili pili / Samuray / Tartaar / Tomatenketchup / Truffelmayo / Zoete Mayo / Zoetzuur pikant,Cheese (+竄ｬ0.70) / Cheese Bacon (+竄ｬ1.50) / Smos (+竄ｬ1.00) / Spﾃｩciaalsaus Tomaatketchup (+竄ｬ1.00) / Spﾃｩciaalsaus curryketchup (+竄ｬ1.00) / Bacon (+竄ｬ1.00) / Snipperui (+竄ｬ0.30) / Gedroogde ui (+竄ｬ0.30) / Augurk (+竄ｬ0.30) / Sla (+竄ｬ0.30) / Tomaat (+竄ｬ0.30)
Mitraillette,Bicky fish,,9.5,Met Zout / met Satﾃｩkruiden / Geen zout of satﾃｩ kruiden | Met gebakken ajuin / Zonder gebakken ajuin,Geen saus / Amﾃｩricain / Andalouse / Barbecue / Brazil / Cocktail / Curry / Curryketchup / Joppie / Look / Mammouth / Mammouth hot / Mayo / Mosterd / Peper / Pili pili / Samuray / Tartaar / Tomatenketchup / Truffelmayo / Zoete Mayo / Zoetzuur pikant,Cheese (+竄ｬ0.70) / Cheese Bacon (+竄ｬ1.50) / Smos (+竄ｬ1.00) / Spﾃｩciaalsaus Tomaatketchup (+竄ｬ1.00) / Spﾃｩciaalsaus curryketchup (+竄ｬ1.00) / Bacon (+竄ｬ1.00) / Snipperui (+竄ｬ0.30) / Gedroogde ui (+竄ｬ0.30) / Augurk (+竄ｬ0.30) / Sla (+竄ｬ0.30) / Tomaat (+竄ｬ0.30)
Mitraillette,Bicky Chicken,,9.5,Met Zout / met Satﾃｩkruiden / Geen zout of satﾃｩ kruiden | Met gebakken ajuin / Zonder gebakken ajuin,Geen saus / Amﾃｩricain / Andalouse / Barbecue / Brazil / Cocktail / Curry / Curryketchup / Joppie / Look / Mammouth / Mammouth hot / Mayo / Mosterd / Peper / Pili pili / Samuray / Tartaar / Tomatenketchup / Truffelmayo / Zoete Mayo / Zoetzuur pikant,Cheese (+竄ｬ0.70) / Cheese Bacon (+竄ｬ1.50) / Smos (+竄ｬ1.00) / Spﾃｩciaalsaus Tomaatketchup (+竄ｬ1.00) / Spﾃｩciaalsaus curryketchup (+竄ｬ1.00) / Bacon (+竄ｬ1.00) / Snipperui (+竄ｬ0.30) / Gedroogde ui (+竄ｬ0.30) / Augurk (+竄ｬ0.30) / Sla (+竄ｬ0.30) / Tomaat (+竄ｬ0.30)
Mitraillette,Bicky Mexicano,,9,Met Zout / met Satﾃｩkruiden / Geen zout of satﾃｩ kruiden | Met gebakken ajuin / Zonder gebakken ajuin,Geen saus / Amﾃｩricain / Andalouse / Barbecue / Brazil / Cocktail / Curry / Curryketchup / Joppie / Look / Mammouth / Mammouth hot / Mayo / Mosterd / Peper / Pili pili / Samuray / Tartaar / Tomatenketchup / Truffelmayo / Zoete Mayo / Zoetzuur pikant,Cheese (+竄ｬ0.70) / Cheese Bacon (+竄ｬ1.50) / Smos (+竄ｬ1.00) / Spﾃｩciaalsaus Tomaatketchup (+竄ｬ1.00) / Spﾃｩciaalsaus curryketchup (+竄ｬ1.00) / Bacon (+竄ｬ1.00) / Snipperui (+竄ｬ0.30) / Gedroogde ui (+竄ｬ0.30) / Augurk (+竄ｬ0.30) / Sla (+竄ｬ0.30) / Tomaat (+竄ｬ0.30)
Mitraillette,Mexicano,,8.5,Met Zout / met Satﾃｩkruiden / Geen zout of satﾃｩ kruiden | Met gebakken ajuin / Zonder gebakken ajuin,Geen saus / Amﾃｩricain / Andalouse / Barbecue / Brazil / Cocktail / Curry / Curryketchup / Joppie / Look / Mammouth / Mammouth hot / Mayo / Mosterd / Peper / Pili pili / Samuray / Tartaar / Tomatenketchup / Truffelmayo / Zoete Mayo / Zoetzuur pikant,Cheese (+竄ｬ0.70) / Cheese Bacon (+竄ｬ1.50) / Smos (+竄ｬ1.00) / Spﾃｩciaalsaus Tomaatketchup (+竄ｬ1.00) / Spﾃｩciaalsaus curryketchup (+竄ｬ1.00) / Bacon (+竄ｬ1.00) / Snipperui (+竄ｬ0.30) / Gedroogde ui (+竄ｬ0.30) / Augurk (+竄ｬ0.30) / Sla (+竄ｬ0.30) / Tomaat (+竄ｬ0.30)
Mitraillette,Curryworst,,8.5,Met Zout / met Satﾃｩkruiden / Geen zout of satﾃｩ kruiden | Met gebakken ajuin / Zonder gebakken ajuin,Geen saus / Amﾃｩricain / Andalouse / Barbecue / Brazil / Cocktail / Curry / Curryketchup / Joppie / Look / Mammouth / Mammouth hot / Mayo / Mosterd / Peper / Pili pili / Samuray / Tartaar / Tomatenketchup / Truffelmayo / Zoete Mayo / Zoetzuur pikant,Cheese (+竄ｬ0.70) / Cheese Bacon (+竄ｬ1.50) / Smos (+竄ｬ1.00) / Spﾃｩciaalsaus Tomaatketchup (+竄ｬ1.00) / Spﾃｩciaalsaus curryketchup (+竄ｬ1.00) / Bacon (+竄ｬ1.00) / Snipperui (+竄ｬ0.30) / Gedroogde ui (+竄ｬ0.30) / Augurk (+竄ｬ0.30) / Sla (+竄ｬ0.30) / Tomaat (+竄ｬ0.30)
Mitraillette,Satﾃｩ,,9,Met Zout / met Satﾃｩkruiden / Geen zout of satﾃｩ kruiden | Met gebakken ajuin / Zonder gebakken ajuin,Geen saus / Amﾃｩricain / Andalouse / Barbecue / Brazil / Cocktail / Curry / Curryketchup / Joppie / Look / Mammouth / Mammouth hot / Mayo / Mosterd / Peper / Pili pili / Samuray / Tartaar / Tomatenketchup / Truffelmayo / Zoete Mayo / Zoetzuur pikant,Cheese (+竄ｬ0.70) / Cheese Bacon (+竄ｬ1.50) / Smos (+竄ｬ1.00) / Spﾃｩciaalsaus Tomaatketchup (+竄ｬ1.00) / Spﾃｩciaalsaus curryketchup (+竄ｬ1.00) / Bacon (+竄ｬ1.00) / Snipperui (+竄ｬ0.30) / Gedroogde ui (+竄ｬ0.30) / Augurk (+竄ｬ0.30) / Sla (+竄ｬ0.30) / Tomaat (+竄ｬ0.30)
Mitraillette,Kipsatﾃｩ,,9,Met Zout / met Satﾃｩkruiden / Geen zout of satﾃｩ kruiden | Met gebakken ajuin / Zonder gebakken ajuin,Geen saus / Amﾃｩricain / Andalouse / Barbecue / Brazil / Cocktail / Curry / Curryketchup / Joppie / Look / Mammouth / Mammouth hot / Mayo / Mosterd / Peper / Pili pili / Samuray / Tartaar / Tomatenketchup / Truffelmayo / Zoete Mayo / Zoetzuur pikant,Cheese (+竄ｬ0.70) / Cheese Bacon (+竄ｬ1.50) / Smos (+竄ｬ1.00) / Spﾃｩciaalsaus Tomaatketchup (+竄ｬ1.00) / Spﾃｩciaalsaus curryketchup (+竄ｬ1.00) / Bacon (+竄ｬ1.00) / Snipperui (+竄ｬ0.30) / Gedroogde ui (+竄ｬ0.30) / Augurk (+竄ｬ0.30) / Sla (+竄ｬ0.30) / Tomaat (+竄ｬ0.30)
Mitraillette,Sitostick,,9,Met Zout / met Satﾃｩkruiden / Geen zout of satﾃｩ kruiden | Met gebakken ajuin / Zonder gebakken ajuin,Geen saus / Amﾃｩricain / Andalouse / Barbecue / Brazil / Cocktail / Curry / Curryketchup / Joppie / Look / Mammouth / Mammouth hot / Mayo / Mosterd / Peper / Pili pili / Samuray / Tartaar / Tomatenketchup / Truffelmayo / Zoete Mayo / Zoetzuur pikant,Cheese (+竄ｬ0.70) / Cheese Bacon (+竄ｬ1.50) / Smos (+竄ｬ1.00) / Spﾃｩciaalsaus Tomaatketchup (+竄ｬ1.00) / Spﾃｩciaalsaus curryketchup (+竄ｬ1.00) / Bacon (+竄ｬ1.00) / Snipperui (+竄ｬ0.30) / Gedroogde ui (+竄ｬ0.30) / Augurk (+竄ｬ0.30) / Sla (+竄ｬ0.30) / Tomaat (+竄ｬ0.30)
Mitraillette,Grizzly,,9.5,Met Zout / met Satﾃｩkruiden / Geen zout of satﾃｩ kruiden | Met gebakken ajuin / Zonder gebakken ajuin,Geen saus / Amﾃｩricain / Andalouse / Barbecue / Brazil / Cocktail / Curry / Curryketchup / Joppie / Look / Mammouth / Mammouth hot / Mayo / Mosterd / Peper / Pili pili / Samuray / Tartaar / Tomatenketchup / Truffelmayo / Zoete Mayo / Zoetzuur pikant,Cheese (+竄ｬ0.70) / Cheese Bacon (+竄ｬ1.50) / Smos (+竄ｬ1.00) / Spﾃｩciaalsaus Tomaatketchup (+竄ｬ1.00) / Spﾃｩciaalsaus curryketchup (+竄ｬ1.00) / Bacon (+竄ｬ1.00) / Snipperui (+竄ｬ0.30) / Gedroogde ui (+竄ｬ0.30) / Augurk (+竄ｬ0.30) / Sla (+竄ｬ0.30) / Tomaat (+竄ｬ0.30)
Mitraillette,Vleeskroket (2 stuks),,10.5,Met Zout / met Satﾃｩkruiden / Geen zout of satﾃｩ kruiden | Met gebakken ajuin / Zonder gebakken ajuin,Geen saus / Amﾃｩricain / Andalouse / Barbecue / Brazil / Cocktail / Curry / Curryketchup / Joppie / Look / Mammouth / Mammouth hot / Mayo / Mosterd / Peper / Pili pili / Samuray / Tartaar / Tomatenketchup / Truffelmayo / Zoete Mayo / Zoetzuur pikant,Cheese (+竄ｬ0.70) / Cheese Bacon (+竄ｬ1.50) / Smos (+竄ｬ1.00) / Spﾃｩciaalsaus Tomaatketchup (+竄ｬ1.00) / Spﾃｩciaalsaus curryketchup (+竄ｬ1.00) / Bacon (+竄ｬ1.00) / Snipperui (+竄ｬ0.30) / Gedroogde ui (+竄ｬ0.30) / Augurk (+竄ｬ0.30) / Sla (+竄ｬ0.30) / Tomaat (+竄ｬ0.30)
Mitraillette,Kaaskroket,,10.5,Met Zout / met Satﾃｩkruiden / Geen zout of satﾃｩ kruiden | Met gebakken ajuin / Zonder gebakken ajuin,Geen saus / Amﾃｩricain / Andalouse / Barbecue / Brazil / Cocktail / Curry / Curryketchup / Joppie / Look / Mammouth / Mammouth hot / Mayo / Mosterd / Peper / Pili pili / Samuray / Tartaar / Tomatenketchup / Truffelmayo / Zoete Mayo / Zoetzuur pikant,Cheese (+竄ｬ0.70) / Cheese Bacon (+竄ｬ1.50) / Smos (+竄ｬ1.00) / Spﾃｩciaalsaus Tomaatketchup (+竄ｬ1.00) / Spﾃｩciaalsaus curryketchup (+竄ｬ1.00) / Bacon (+竄ｬ1.00) / Snipperui (+竄ｬ0.30) / Gedroogde ui (+竄ｬ0.30) / Augurk (+竄ｬ0.30) / Sla (+竄ｬ0.30) / Tomaat (+竄ｬ0.30)
Mitraillette,Hamburger Classic,,10.5,Met Zout / met Satﾃｩkruiden / Geen zout of satﾃｩ kruiden | Met gebakken ajuin / Zonder gebakken ajuin,Geen saus / Amﾃｩricain / Andalouse / Barbecue / Brazil / Cocktail / Curry / Curryketchup / Joppie / Look / Mammouth / Mammouth hot / Mayo / Mosterd / Peper / Pili pili / Samuray / Tartaar / Tomatenketchup / Truffelmayo / Zoete Mayo / Zoetzuur pikant,Cheese (+竄ｬ0.70) / Cheese Bacon (+竄ｬ1.50) / Smos (+竄ｬ1.00) / Spﾃｩciaalsaus Tomaatketchup (+竄ｬ1.00) / Spﾃｩciaalsaus curryketchup (+竄ｬ1.00) / Bacon (+竄ｬ1.00) / Snipperui (+竄ｬ0.30) / Gedroogde ui (+竄ｬ0.30) / Augurk (+竄ｬ0.30) / Sla (+竄ｬ0.30) / Tomaat (+竄ｬ0.30)
Mitraillette,Chicken Crispy Classic,,11,Met Zout / met Satﾃｩkruiden / Geen zout of satﾃｩ kruiden | Met gebakken ajuin / Zonder gebakken ajuin,Geen saus / Amﾃｩricain / Andalouse / Barbecue / Brazil / Cocktail / Curry / Curryketchup / Joppie / Look / Mammouth / Mammouth hot / Mayo / Mosterd / Peper / Pili pili / Samuray / Tartaar / Tomatenketchup / Truffelmayo / Zoete Mayo / Zoetzuur pikant,Cheese (+竄ｬ0.70) / Cheese Bacon (+竄ｬ1.50) / Smos (+竄ｬ1.00) / Spﾃｩciaalsaus Tomaatketchup (+竄ｬ1.00) / Spﾃｩciaalsaus curryketchup (+竄ｬ1.00) / Bacon (+竄ｬ1.00) / Snipperui (+竄ｬ0.30) / Gedroogde ui (+竄ｬ0.30) / Augurk (+竄ｬ0.30) / Sla (+竄ｬ0.30) / Tomaat (+竄ｬ0.30)
Mitraillette,Mexicano Classic,,10.5,Met Zout / met Satﾃｩkruiden / Geen zout of satﾃｩ kruiden | Met gebakken ajuin / Zonder gebakken ajuin,Geen saus / Amﾃｩricain / Andalouse / Barbecue / Brazil / Cocktail / Curry / Curryketchup / Joppie / Look / Mammouth / Mammouth hot / Mayo / Mosterd / Peper / Pili pili / Samuray / Tartaar / Tomatenketchup / Truffelmayo / Zoete Mayo / Zoetzuur pikant,Cheese (+竄ｬ0.70) / Cheese Bacon (+竄ｬ1.50) / Smos (+竄ｬ1.00) / Spﾃｩciaalsaus Tomaatketchup (+竄ｬ1.00) / Spﾃｩciaalsaus curryketchup (+竄ｬ1.00) / Bacon (+竄ｬ1.00) / Snipperui (+竄ｬ0.30) / Gedroogde ui (+竄ｬ0.30) / Augurk (+竄ｬ0.30) / Sla (+竄ｬ0.30) / Tomaat (+竄ｬ0.30)
Mitraillette,Cheeseburger,,9,Met Zout / met Satﾃｩkruiden / Geen zout of satﾃｩ kruiden | Met gebakken ajuin / Zonder gebakken ajuin,Geen saus / Amﾃｩricain / Andalouse / Barbecue / Brazil / Cocktail / Curry / Curryketchup / Joppie / Look / Mammouth / Mammouth hot / Mayo / Mosterd / Peper / Pili pili / Samuray / Tartaar / Tomatenketchup / Truffelmayo / Zoete Mayo / Zoetzuur pikant,Cheese (+竄ｬ0.70) / Cheese Bacon (+竄ｬ1.50) / Smos (+竄ｬ1.00) / Spﾃｩciaalsaus Tomaatketchup (+竄ｬ1.00) / Spﾃｩciaalsaus curryketchup (+竄ｬ1.00) / Bacon (+竄ｬ1.00) / Snipperui (+竄ｬ0.30) / Gedroogde ui (+竄ｬ0.30) / Augurk (+竄ｬ0.30) / Sla (+竄ｬ0.30) / Tomaat (+竄ｬ0.30)
Mitraillette,Baconburger,,9.5,Met Zout / met Satﾃｩkruiden / Geen zout of satﾃｩ kruiden | Met gebakken ajuin / Zonder gebakken ajuin,Geen saus / Amﾃｩricain / Andalouse / Barbecue / Brazil / Cocktail / Curry / Curryketchup / Joppie / Look / Mammouth / Mammouth hot / Mayo / Mosterd / Peper / Pili pili / Samuray / Tartaar / Tomatenketchup / Truffelmayo / Zoete Mayo / Zoetzuur pikant,Cheese (+竄ｬ0.70) / Cheese Bacon (+竄ｬ1.50) / Smos (+竄ｬ1.00) / Spﾃｩciaalsaus Tomaatketchup (+竄ｬ1.00) / Spﾃｩciaalsaus curryketchup (+竄ｬ1.00) / Bacon (+竄ｬ1.00) / Snipperui (+竄ｬ0.30) / Gedroogde ui (+竄ｬ0.30) / Augurk (+竄ｬ0.30) / Sla (+竄ｬ0.30) / Tomaat (+竄ｬ0.30)
Mitraillette,Cheesebaconburger,,10,Met Zout / met Satﾃｩkruiden / Geen zout of satﾃｩ kruiden | Met gebakken ajuin / Zonder gebakken ajuin,Geen saus / Amﾃｩricain / Andalouse / Barbecue / Brazil / Cocktail / Curry / Curryketchup / Joppie / Look / Mammouth / Mammouth hot / Mayo / Mosterd / Peper / Pili pili / Samuray / Tartaar / Tomatenketchup / Truffelmayo / Zoete Mayo / Zoetzuur pikant,Cheese (+竄ｬ0.70) / Cheese Bacon (+竄ｬ1.50) / Smos (+竄ｬ1.00) / Spﾃｩciaalsaus Tomaatketchup (+竄ｬ1.00) / Spﾃｩciaalsaus curryketchup (+竄ｬ1.00) / Bacon (+竄ｬ1.00) / Snipperui (+竄ｬ0.30) / Gedroogde ui (+竄ｬ0.30) / Augurk (+竄ｬ0.30) / Sla (+竄ｬ0.30) / Tomaat (+竄ｬ0.30)
Mitraillette,Boulet,,8.5,Met Zout / met Satﾃｩkruiden / Geen zout of satﾃｩ kruiden | Met gebakken ajuin / Zonder gebakken ajuin,Geen saus / Amﾃｩricain / Andalouse / Barbecue / Brazil / Cocktail / Curry / Curryketchup / Joppie / Look / Mammouth / Mammouth hot / Mayo / Mosterd / Peper / Pili pili / Samuray / Tartaar / Tomatenketchup / Truffelmayo / Zoete Mayo / Zoetzuur pikant,Cheese (+竄ｬ0.70) / Cheese Bacon (+竄ｬ1.50) / Smos (+竄ｬ1.00) / Spﾃｩciaalsaus Tomaatketchup (+竄ｬ1.00) / Spﾃｩciaalsaus curryketchup (+竄ｬ1.00) / Bacon (+竄ｬ1.00) / Snipperui (+竄ｬ0.30) / Gedroogde ui (+竄ｬ0.30) / Augurk (+竄ｬ0.30) / Sla (+竄ｬ0.30) / Tomaat (+竄ｬ0.30)
Drank (fles),Water plat,,2.5,,,
Drank (fles),Water bruis,,2.5,,,
Drank (fles),Cola,,3,,,
Drank (fles),Cola zero,,3,,,
Drank (fles),Fanta,,3,,,
Drank (fles),Ice Tea,,3,,,
Drank (fles),Ice Tea Green,,3,,,
Drank (fles),Sprite,,3,,,
Drank (blik),Cola,,2.5,,,
Drank (blik),Cola zero,,2.5,,,
Drank (blik),Fanta,,2.5,,,
Drank (blik),Ice Tea,,2.5,,,
Drank (blik),Ice Tea zero,,2.5,,,
Drank (blik),Ice Tea Green,,2.5,,,
Drank (blik),Ice Tea Peach,,2.5,,,
Drank (blik),Sprite,,2.5,,,
Drank (blik),Jupiler,,2.5,,,
Drank (blik),Redbull,,3,,,
Drank (blik),Nalu,,3,,,
Warme drank,Koffie,,2.5,,,